{
    "Discord.exe": {
        "pid": 19536,
        "uptime_seconds": 17511.416154,
        "uptime_seconds_old": 17511.416154
    }
}