{
    "System Idle Process": {
        "pid": 0,
        "uptime_seconds": 1737824121.188975,
        "uptime_seconds_old": 1737824121.188975
    },
    "System": {
        "pid": 4,
        "uptime_seconds": 1737824121.188989,
        "uptime_seconds_old": 1737824121.188989
    },
    "": {
        "pid": 140,
        "uptime_seconds": 357244.629417,
        "uptime_seconds_old": 357244.629417
    },
    "Registry": {
        "pid": 180,
        "uptime_seconds": 357244.601643,
        "uptime_seconds_old": 357244.601643
    },
    "svchost.exe": {
        "pid": 1168,
        "uptime_seconds": 357230.848801,
        "uptime_seconds_old": 357230.848801
    },
    "smss.exe": {
        "pid": 596,
        "uptime_seconds": 357241.979235,
        "uptime_seconds_old": 357241.979235
    },
    "services.exe": {
        "pid": 660,
        "uptime_seconds": 357231.111289,
        "uptime_seconds_old": 357231.111289
    },
    "LsaIso.exe": {
        "pid": 704,
        "uptime_seconds": 357231.074458,
        "uptime_seconds_old": 357231.074458
    },
    "ApplicationFrameHost.exe": {
        "pid": 744,
        "uptime_seconds": 275345.728858,
        "uptime_seconds_old": 275345.728858
    },
    "csrss.exe": {
        "pid": 884,
        "uptime_seconds": 357233.35581,
        "uptime_seconds_old": 357233.35581
    },
    "wininit.exe": {
        "pid": 996,
        "uptime_seconds": 357231.176696,
        "uptime_seconds_old": 357231.176696
    },
    "lsass.exe": {
        "pid": 1036,
        "uptime_seconds": 357231.067698,
        "uptime_seconds_old": 357231.067698
    },
    "IntelCpHDCPSvc.exe": {
        "pid": 1112,
        "uptime_seconds": 357230.060821,
        "uptime_seconds_old": 357230.060821
    },
    "WUDFHost.exe": {
        "pid": 1196,
        "uptime_seconds": 357230.834648,
        "uptime_seconds_old": 357230.834648
    },
    "fontdrvhost.exe": {
        "pid": 1204,
        "uptime_seconds": 357230.834579,
        "uptime_seconds_old": 357230.834579
    },
    "msedgewebview2.exe": {
        "pid": 6596,
        "uptime_seconds": 559007.5423790001,
        "uptime_seconds_old": 279548.860836
    },
    "ACCStd.exe": {
        "pid": 1492,
        "uptime_seconds": 279491.068606,
        "uptime_seconds_old": 279491.068606
    },
    "Code.exe": {
        "pid": 2128,
        "uptime_seconds": 438959.263257,
        "uptime_seconds_old": 219524.832446
    },
    "RtkAudUService64.exe": {
        "pid": 4476,
        "uptime_seconds": 357229.117925,
        "uptime_seconds_old": 357229.117925
    },
    "dllhost.exe": {
        "pid": 6916,
        "uptime_seconds": 279667.547581,
        "uptime_seconds_old": 279667.547581
    },
    "RuntimeBroker.exe": {
        "pid": 24336,
        "uptime_seconds": 279669.202617,
        "uptime_seconds_old": 279669.202617
    },
    "igfxCUIServiceN.exe": {
        "pid": 2688,
        "uptime_seconds": 357229.87311,
        "uptime_seconds_old": 357229.87311
    },
    "NVDisplay.Container.exe": {
        "pid": 2740,
        "uptime_seconds": 357229.946712,
        "uptime_seconds_old": 357229.946712
    },
    "WidgetService.exe": {
        "pid": 3004,
        "uptime_seconds": 279669.015154,
        "uptime_seconds_old": 279669.015154
    },
    "MemCompression": {
        "pid": 3024,
        "uptime_seconds": 357229.890373,
        "uptime_seconds_old": 357229.890373
    },
    "unsecapp.exe": {
        "pid": 3524,
        "uptime_seconds": 356765.363538,
        "uptime_seconds_old": 356765.363538
    },
    "spoolsv.exe": {
        "pid": 3840,
        "uptime_seconds": 357229.541018,
        "uptime_seconds_old": 357229.541018
    },
    "wlanext.exe": {
        "pid": 3924,
        "uptime_seconds": 357229.503186,
        "uptime_seconds_old": 357229.503186
    },
    "conhost.exe": {
        "pid": 3980,
        "uptime_seconds": 357229.482368,
        "uptime_seconds_old": 357229.482368
    },
    "gamingservices.exe": {
        "pid": 4012,
        "uptime_seconds": 356244.70809,
        "uptime_seconds_old": 356244.70809
    },
    "DtsApo4Service.exe": {
        "pid": 4304,
        "uptime_seconds": 357229.125667,
        "uptime_seconds_old": 357229.125667
    },
    "ACCSvc.exe": {
        "pid": 4312,
        "uptime_seconds": 357229.125157,
        "uptime_seconds_old": 357229.125157
    },
    "jhi_service.exe": {
        "pid": 4348,
        "uptime_seconds": 357229.122747,
        "uptime_seconds_old": 357229.122747
    },
    "KillerAnalyticsService.exe": {
        "pid": 4368,
        "uptime_seconds": 357229.122323,
        "uptime_seconds_old": 357229.122323
    },
    "RstMwService.exe": {
        "pid": 4384,
        "uptime_seconds": 357229.121483,
        "uptime_seconds_old": 357229.121483
    },
    "OneApp.IGCC.WinService.exe": {
        "pid": 4428,
        "uptime_seconds": 357229.119985,
        "uptime_seconds_old": 357229.119985
    },
    "IntelAudioService.exe": {
        "pid": 4444,
        "uptime_seconds": 357229.119381,
        "uptime_seconds_old": 357229.119381
    },
    "LMS.exe": {
        "pid": 4528,
        "uptime_seconds": 357229.113344,
        "uptime_seconds_old": 357229.113344
    },
    "backgroundTaskHost.exe": {
        "pid": 21320,
        "uptime_seconds": 216933.512258,
        "uptime_seconds_old": 216933.512258
    },
    "esif_uf.exe": {
        "pid": 4776,
        "uptime_seconds": 357229.074542,
        "uptime_seconds_old": 357229.074542
    },
    "KillerNetworkService.exe": {
        "pid": 5032,
        "uptime_seconds": 357229.03688,
        "uptime_seconds_old": 357229.03688
    },
    "firefox.exe": {
        "pid": 5296,
        "uptime_seconds": 435998.554012,
        "uptime_seconds_old": 218044.457272
    },
    "logi_lamparray_service.exe": {
        "pid": 5208,
        "uptime_seconds": 357228.995003,
        "uptime_seconds_old": 357228.995003
    },
    "xTendUtilityService.exe": {
        "pid": 5268,
        "uptime_seconds": 357228.960446,
        "uptime_seconds_old": 357228.960446
    },
    "WmiPrvSE.exe": {
        "pid": 5936,
        "uptime_seconds": 357228.707206,
        "uptime_seconds_old": 357228.707206
    },
    "KAPSService.exe": {
        "pid": 6228,
        "uptime_seconds": 357228.567397,
        "uptime_seconds_old": 357228.567397
    },
    "AggregatorHost.exe": {
        "pid": 6316,
        "uptime_seconds": 357228.475946,
        "uptime_seconds_old": 357228.475946
    },
    "xTendUtility.exe": {
        "pid": 6416,
        "uptime_seconds": 357228.295871,
        "uptime_seconds_old": 357228.295871
    },
    "QASvc.exe": {
        "pid": 6656,
        "uptime_seconds": 279649.955033,
        "uptime_seconds_old": 279649.955033
    },
    "KAPS.exe": {
        "pid": 6928,
        "uptime_seconds": 357228.051537,
        "uptime_seconds_old": 357228.051537
    },
    "PresentationFontCache.exe": {
        "pid": 7224,
        "uptime_seconds": 357227.836812,
        "uptime_seconds_old": 357227.836812
    },
    "LocationNotificationWindows.exe": {
        "pid": 7304,
        "uptime_seconds": 279665.371454,
        "uptime_seconds_old": 279665.371454
    },
    "Discord.exe": {
        "pid": 7480,
        "uptime_seconds": 3873.040267,
        "uptime_seconds_old": 3873.040267
    },
    "NortonSecurity.exe": {
        "pid": 8236,
        "uptime_seconds": 357227.003259,
        "uptime_seconds_old": 357227.003259
    },
    "UserOOBEBroker.exe": {
        "pid": 8452,
        "uptime_seconds": 279658.6488,
        "uptime_seconds_old": 279658.6488
    },
    "PSSvc.exe": {
        "pid": 8472,
        "uptime_seconds": 356950.35409,
        "uptime_seconds_old": 356950.35409
    },
    "igfxEMN.exe": {
        "pid": 8740,
        "uptime_seconds": 279671.676322,
        "uptime_seconds_old": 279671.676322
    },
    "AcerRegistrationBackGroundTask.exe": {
        "pid": 8876,
        "uptime_seconds": 279562.265003,